{
    "name": "root",
    "gauges": {
        "SoccerTwos.Policy.Entropy.mean": {
            "value": 3.156832695007324,
            "min": 3.14683198928833,
            "max": 3.2957231998443604,
            "count": 42
        },
        "SoccerTwos.Policy.Entropy.sum": {
            "value": 63136.65625,
            "min": 53754.296875,
            "max": 77475.859375,
            "count": 42
        },
        "SoccerTwos.Environment.EpisodeLength.mean": {
            "value": 999.0,
            "min": 513.8,
            "max": 999.0,
            "count": 42
        },
        "SoccerTwos.Environment.EpisodeLength.sum": {
            "value": 19980.0,
            "min": 16444.0,
            "max": 23476.0,
            "count": 42
        },
        "SoccerTwos.Step.mean": {
            "value": 419404.0,
            "min": 9754.0,
            "max": 419404.0,
            "count": 42
        },
        "SoccerTwos.Step.sum": {
            "value": 419404.0,
            "min": 9754.0,
            "max": 419404.0,
            "count": 42
        },
        "SoccerTwos.Policy.ExtrinsicBaselineEstimate.mean": {
            "value": 0.01301458291709423,
            "min": -0.013723636977374554,
            "max": 0.01708342507481575,
            "count": 42
        },
        "SoccerTwos.Policy.ExtrinsicBaselineEstimate.sum": {
            "value": 0.1301458328962326,
            "min": -0.20459295809268951,
            "max": 0.1708342581987381,
            "count": 42
        },
        "SoccerTwos.Policy.ExtrinsicValueEstimate.mean": {
            "value": 0.012724881060421467,
            "min": -0.012002933770418167,
            "max": 0.017180418595671654,
            "count": 42
        },
        "SoccerTwos.Policy.ExtrinsicValueEstimate.sum": {
            "value": 0.12724880874156952,
            "min": -0.2060956507921219,
            "max": 0.17180418968200684,
            "count": 42
        },
        "SoccerTwos.Environment.CumulativeReward.mean": {
            "value": 0.0,
            "min": 0.0,
            "max": 0.0,
            "count": 42
        },
        "SoccerTwos.Environment.CumulativeReward.sum": {
            "value": 0.0,
            "min": 0.0,
            "max": 0.0,
            "count": 42
        },
        "SoccerTwos.Policy.ExtrinsicReward.mean": {
            "value": 0.0,
            "min": -0.5384615384615384,
            "max": 0.276514287505831,
            "count": 42
        },
        "SoccerTwos.Policy.ExtrinsicReward.sum": {
            "value": 0.0,
            "min": -7.0,
            "max": 3.8712000250816345,
            "count": 42
        },
        "SoccerTwos.Environment.GroupCumulativeReward.mean": {
            "value": 0.0,
            "min": -0.5384615384615384,
            "max": 0.276514287505831,
            "count": 42
        },
        "SoccerTwos.Environment.GroupCumulativeReward.sum": {
            "value": 0.0,
            "min": -7.0,
            "max": 3.8712000250816345,
            "count": 42
        },
        "SoccerTwos.Self-play.ELO.mean": {
            "value": 1198.5466018833752,
            "min": 1198.529023262953,
            "max": 1206.8308816823483,
            "count": 32
        },
        "SoccerTwos.Self-play.ELO.sum": {
            "value": 2397.0932037667503,
            "min": 2397.0932037667503,
            "max": 14444.736154507751,
            "count": 32
        },
        "SoccerTwos.IsTraining.mean": {
            "value": 1.0,
            "min": 1.0,
            "max": 1.0,
            "count": 42
        },
        "SoccerTwos.IsTraining.sum": {
            "value": 1.0,
            "min": 1.0,
            "max": 1.0,
            "count": 42
        },
        "SoccerTwos.Losses.PolicyLoss.mean": {
            "value": 0.016978945624820576,
            "min": 0.012006536747018496,
            "max": 0.020765984956718362,
            "count": 19
        },
        "SoccerTwos.Losses.PolicyLoss.sum": {
            "value": 0.016978945624820576,
            "min": 0.012006536747018496,
            "max": 0.020765984956718362,
            "count": 19
        },
        "SoccerTwos.Losses.ValueLoss.mean": {
            "value": 5.071097384643508e-05,
            "min": 3.462232167900462e-05,
            "max": 0.0050273973805209,
            "count": 19
        },
        "SoccerTwos.Losses.ValueLoss.sum": {
            "value": 5.071097384643508e-05,
            "min": 3.462232167900462e-05,
            "max": 0.0050273973805209,
            "count": 19
        },
        "SoccerTwos.Losses.BaselineLoss.mean": {
            "value": 4.8211009197984825e-05,
            "min": 3.765636599079395e-05,
            "max": 0.005077703172961871,
            "count": 19
        },
        "SoccerTwos.Losses.BaselineLoss.sum": {
            "value": 4.8211009197984825e-05,
            "min": 3.765636599079395e-05,
            "max": 0.005077703172961871,
            "count": 19
        },
        "SoccerTwos.Policy.LearningRate.mean": {
            "value": 0.0003,
            "min": 0.0003,
            "max": 0.0003,
            "count": 19
        },
        "SoccerTwos.Policy.LearningRate.sum": {
            "value": 0.0003,
            "min": 0.0003,
            "max": 0.0003,
            "count": 19
        },
        "SoccerTwos.Policy.Epsilon.mean": {
            "value": 0.20000000000000007,
            "min": 0.20000000000000007,
            "max": 0.20000000000000007,
            "count": 19
        },
        "SoccerTwos.Policy.Epsilon.sum": {
            "value": 0.20000000000000007,
            "min": 0.20000000000000007,
            "max": 0.20000000000000007,
            "count": 19
        },
        "SoccerTwos.Policy.Beta.mean": {
            "value": 0.005000000000000001,
            "min": 0.005000000000000001,
            "max": 0.005000000000000001,
            "count": 19
        },
        "SoccerTwos.Policy.Beta.sum": {
            "value": 0.005000000000000001,
            "min": 0.005000000000000001,
            "max": 0.005000000000000001,
            "count": 19
        }
    },
    "metadata": {
        "timer_format_version": "0.1.0",
        "start_time_seconds": "1736259139",
        "python_version": "3.10.0 (tags/v3.10.0:b494f59, Oct  4 2021, 19:00:18) [MSC v.1929 64 bit (AMD64)]",
        "command_line_arguments": "C:\\Users\\ronad\\Documents\\project2S1\\AIML12\\Project\\venv\\Scripts\\mlagents-learn config\\config.yaml --run-id=TestSwitch1 --train",
        "mlagents_version": "0.30.0",
        "mlagents_envs_version": "0.30.0",
        "communication_protocol_version": "1.5.0",
        "pytorch_version": "2.4.1+cpu",
        "numpy_version": "1.21.2",
        "end_time_seconds": "1736262947"
    },
    "total": 3807.420730400001,
    "count": 1,
    "self": 10.012043099995935,
    "children": {
        "run_training.setup": {
            "total": 0.10635859999456443,
            "count": 1,
            "self": 0.10635859999456443
        },
        "TrainerController.start_learning": {
            "total": 3797.3023287000105,
            "count": 1,
            "self": 5.162386701907963,
            "children": {
                "TrainerController._reset_env": {
                    "total": 44.25750279998465,
                    "count": 3,
                    "self": 44.25750279998465
                },
                "TrainerController.advance": {
                    "total": 3743.512191798116,
                    "count": 214904,
                    "self": 5.0277199936972465,
                    "children": {
                        "env_step": {
                            "total": 3209.1609966018004,
                            "count": 214904,
                            "self": 2013.2744174997351,
                            "children": {
                                "SubprocessEnvManager._take_step": {
                                    "total": 1192.5387715016404,